{
    "silhouette_score": 0.13310815577216617,
    "davies_bouldin_index": 1.3501592951859178
}