{
    "silhouette_score": 0.37417411896325353,
    "davies_bouldin_index": 1.074542401135123
}