{
    "silhouette_score": 0.4436915944624721,
    "davies_bouldin_index": 0.4057787492710645
}