{
    "silhouette_score": 0.288127826480384,
    "davies_bouldin_index": 1.085655945994967
}