{
    "silhouette_score": 0.31524319957534813,
    "davies_bouldin_index": 0.38620588435672165
}