{
    "silhouette_score": 0.4517245816849926,
    "davies_bouldin_index": 0.7482616625549423
}