{
    "silhouette_score": 0.4784808650654725,
    "davies_bouldin_index": 0.7298021284845595
}