{
    "silhouette_score": 0.2290876784573249,
    "davies_bouldin_index": 1.8359981188762189
}