{
    "silhouette_score": 0.35845035104803463,
    "davies_bouldin_index": 1.1604633784506102
}