{
    "silhouette_score": 0.36382528761661737,
    "davies_bouldin_index": 0.7977783522364663
}