{
    "silhouette_score": 0.38059038079548413,
    "davies_bouldin_index": 0.9462852524610603
}