{
    "silhouette_score": 0.12788017882715635,
    "davies_bouldin_index": 1.5657335619662707
}